{"cameraMode":{"drawMode":0,"name":"Shaded","section":"Shading Mode"},"sceneLighting":true,"audioPlay":false,"sceneViewState":{"m_AlwaysRefresh":false,"showFog":true,"showSkybox":true,"showFlares":true,"showImageEffects":true,"showParticleSystems":true,"showVisualEffectGraphs":true,"m_FxEnabled":true},"in2DMode":false,"pivot":{"x":-36.81372833251953,"y":20.018264770507814,"z":-152.12290954589845},"rotation":{"x":0.0014920842368155718,"y":0.09943781793117523,"z":-0.00015175224689301103,"w":0.9950370788574219},"size":0.13727691769599915,"orthographic":false}